protein1,protein2
P0DTC1,P0DTC2
P0DTC1,P0DTC3
P0DTC1,P0DTC4
P0DTC1,P0DTC5
P0DTC1,P0DTC6
P0DTC1,P0DTC7
P0DTC1,P0DTC8
P0DTC1,P0DTC9
P0DTC2,P0DTC1
P0DTC2,P0DTC3
P0DTC2,P0DTC4
P0DTC2,P0DTC5
P0DTC2,P0DTC6
P0DTC2,P0DTC7
P0DTC2,P0DTC8
P0DTC2,P0DTC9
P0DTC3,P0DTC1
P0DTC3,P0DTC2
P0DTC3,P0DTC4
P0DTC3,P0DTC5
P0DTC3,P0DTC6
P0DTC3,P0DTC7
P0DTC3,P0DTC8
P0DTC3,P0DTC9
P0DTC4,P0DTC1
P0DTC4,P0DTC2
P0DTC4,P0DTC3
P0DTC4,P0DTC5
P0DTC4,P0DTC6
P0DTC4,P0DTC7
P0DTC4,P0DTC8
P0DTC4,P0DTC9
P0DTC5,P0DTC1
P0DTC5,P0DTC2
P0DTC5,P0DTC3
P0DTC5,P0DTC4
P0DTC5,P0DTC6
P0DTC5,P0DTC7
P0DTC5,P0DTC8
P0DTC5,P0DTC9
P0DTC6,P0DTC1
P0DTC6,P0DTC2
P0DTC6,P0DTC3
P0DTC6,P0DTC4
P0DTC6,P0DTC5
P0DTC6,P0DTC7
P0DTC6,P0DTC8
P0DTC6,P0DTC9
P0DTC7,P0DTC1
P0DTC7,P0DTC2
P0DTC7,P0DTC3
P0DTC7,P0DTC4
P0DTC7,P0DTC5
P0DTC7,P0DTC6
P0DTC7,P0DTC8
P0DTC7,P0DTC9
P0DTC8,P0DTC1
P0DTC8,P0DTC2
P0DTC8,P0DTC3
P0DTC8,P0DTC4
P0DTC8,P0DTC5
P0DTC8,P0DTC6
P0DTC8,P0DTC7
P0DTC8,P0DTC9
P0DTC9,P0DTC1
P0DTC9,P0DTC2
P0DTC9,P0DTC3
P0DTC9,P0DTC4
P0DTC9,P0DTC5
P0DTC9,P0DTC6
P0DTC9,P0DTC7
P0DTC9,P0DTC8
P0DTD1,P0DTD2
P0DTD1,P0DTD3
P0DTD1,P0DTD8
P0DTD2,P0DTD1
P0DTD2,P0DTD3
P0DTD2,P0DTD8
P0DTD3,P0DTD1
P0DTD3,P0DTD2
P0DTD3,P0DTD8
P0DTD8,P0DTD1
P0DTD8,P0DTD2
P0DTD8,P0DTD3
P0DTF1,P0DTF1
P0DTG0,P0DTG1
P0DTG1,P0DTG0